{"PlayerPosX":-5.710240840911865,"PlayerPosY":-1.3791695833206177,"PlayerPosZ":0.0,"Health":3,"Size":{"x":2.0099990367889406,"y":2.0099990367889406,"z":1.0},"Shape":1,"Stage":"Main"}