{"PlayerPosX":-7.8566083908081059,"PlayerPosY":-2.266200065612793,"PlayerPosZ":0.0,"Health":3,"Size":{"x":1.0,"y":1.0,"z":1.0},"Shape":1,"Stage":"Stage3","SaveTime":"2023/10/26 19:33","PlayTime":26.149656295776368}