{"PlayerPosX":-7.473805904388428,"PlayerPosY":2.0235443115234377,"PlayerPosZ":0.0,"Health":3,"Mass":0,"Size":{"x":0.9900000095367432,"y":0.9900000095367432,"z":1.0},"Shape":2,"Stage":"Stage2"}