{"PlayerPosX":-1.0004149675369263,"PlayerPosY":-2.4709675312042238,"PlayerPosZ":0.0,"Health":3,"Size":{"x":2.0099990367889406,"y":2.0099990367889406,"z":1.0},"Shape":0,"Stage":"Stage3"}