{"PlayerPosX":-5.821281909942627,"PlayerPosY":-1.9000006914138795,"PlayerPosZ":0.0,"Health":3,"Size":{"x":0.9900000095367432,"y":0.9900000095367432,"z":1.0},"Shape":0,"Stage":"Main"}